Receiver_ID,Name,Type,City,Contact
1,"Donald Gomez",Shelter,"Port Carlburgh",955922-5295
2,"Laurie Ramos",Individual,Lewisburgh,7610421570
3,"Ashley Mckee",NGO,"South Randalltown",691-023-0094856
4,"Erika Rose",NGO,"South Shaneville",8296491111
5,"John Romero",Individual,Bakerport,0674910154
6,"Mandy Sutton PhD",Shelter,"East Sharimouth",682-777-5357
7,"Kenneth Baker",NGO,"South Edwinborough",126-645-63864071
8,"James Perez",Charity,Benjaminburgh,+1-986-748-6688
9,"Emily Turner",Shelter,"West Robert",001-631-022-6157520
10,"Mary Salazar",NGO,Wrightland,001-187-333-751811395
11,"Amber Pacheco",Individual,"South Gregorymouth",+1-155-960-7276
12,"Jennifer Bishop",NGO,Katherineside,+1-801-363-635549805
13,"Jamie Sutton",Shelter,"Lake Matthewstad",001-176-847-89202687
14,"Brian Fischer",Shelter,Burkeside,947-041-3246326
15,"Donald Kelly",NGO,"Port Ronald",935798-5303
16,"Elizabeth Lewis",NGO,"Port Tara",50038638677565
17,"Melissa Castillo",NGO,Silvaport,699232-9544
18,"Lisa Williams",NGO,Moranhaven,360-505-578095688
19,"Courtney Sanders",NGO,"North Cynthiaberg",001-083-754-0501
20,"George Palmer",NGO,Sandrahaven,7448386083
21,"Emily Davidson",NGO,Jonesside,001-893-473-076951510
22,"Kristina Meza",Shelter,"Lake Nicole",+1-125-160-0319
23,"Kurt Ward",Individual,Aliciabury,479-035-997619919
24,"Tammy Moore",Individual,Monicafort,7211055278
25,"Lisa Mcclain",NGO,"Lake Elizabeth",292-153-908259361
26,"Kimberly Lindsey",Charity,"Port Matthewmouth",+1-979-511-1434565
27,"Johnny Page",NGO,Susanfurt,2519222940
28,"Mary Franklin",Individual,Courtneyfurt,001-046-188-998612178
29,"Nicholas Robinson",NGO,"Lake Kendra",930-104-89738326
30,"Bruce Sanchez",Shelter,"North Heather",59845918196171
31,"Rose Powell",NGO,Spencermouth,247-152-7297648
32,"Audrey Perez",Individual,Taylorfort,637-025-7736
33,"Anita Kerr",NGO,Walshfort,568992-9509
34,"Megan Alvarez",Individual,"North Robert",6244329386
35,"James Castaneda",Shelter,"South Rachaelhaven",932-277-294555052
36,"Teresa Davis",Charity,Olsonville,001-737-507-305134768
37,"Angel Adams",Shelter,"West Erik",+1-785-849-9596994
38,"Alexander Mullins",Charity,Josephview,248481-7680
39,"John Ramirez",Shelter,Moorechester,859701-8773
40,"Abigail Davis",Individual,"West Carrie",307825-3197
41,"Julia Elliott",Shelter,"Port Kellyburgh",+1-613-882-655133036
42,"Maria Jacobs",NGO,"Port Dawntown",225019-8954
43,"Bobby Perry",Charity,Amberfort,020628-973357055
44,"Andrew Lawson",Shelter,Davisborough,6225667870
45,"Derek Potter",Charity,"South Laurachester",497-372-7517026
46,"Kevin Lee",Charity,"East Teresahaven",3542538089
47,"Taylor Dean",Shelter,Moorechester,297-100-5658
48,"Jennifer Graham",Individual,"East Saraport",001-979-746-0394487
49,"Gabriel Nicholson",Charity,"South Tonyaborough",030-052-33391285
50,"Brian Gonzales",NGO,"North Sarah",001-241-438-2803907
51,"Timothy Clark",Charity,"Port Johnchester",217-662-1143941
52,"Cheryl Dillon",NGO,Hornemouth,3501461578
53,"Cassandra Owens",Shelter,Tomburgh,001-813-193-7735105
54,"Veronica Howard",NGO,Higginsmouth,517632-236207333
55,"Erika Rodriguez",Shelter,Larastad,001-732-132-004181457
56,"Deborah Smith",Individual,Jasonshire,996039427636961
57,"Christopher Lozano",Individual,"New Mary",217-827-0862
58,"Julia Madden",Shelter,Michaelton,321207-8844
59,"Alicia Thomas",Charity,"Lake Mary",604320-03473019
60,"Jessica Rivas",NGO,Phillipborough,351-783-1595022
61,"John Vazquez",Charity,"South Kathleenbury",237065-64225123
62,"Nichole Lewis",NGO,"North Catherinefurt",777-445-52695255
63,"David Turner",Charity,"East William",4456052297
64,"Debra Sheppard",Shelter,"North Darinshire",001-726-678-1689
65,"Cody Gardner",NGO,"Port Belinda",565395-0421232
66,"Jade Jackson",Individual,"West Jaclyn",098-158-2253172
67,"Rodney Walker",Shelter,Strongshire,001-833-385-77775891
68,"Wesley Thompson",Charity,Edwardburgh,+1-901-255-289197537
69,"Scott Brown",NGO,"East Dylan",302-197-939895559
70,"Carolyn Whitaker",Individual,Gregoryville,6651783261
71,"Timothy Daniel",Charity,"New Gloriaburgh",001-562-181-96629861
72,"Charles Davidson",Shelter,"West Angelatown",+1-294-698-2957
73,"Kimberly Mills",NGO,Christineton,288-821-5439
74,"Patricia Smith",NGO,Laurafurt,220453-5600
75,"Nicholas Smith",Charity,Manningtown,+1-605-970-1115
76,"Anna Lopez",Individual,"North Jenniferside",001-805-624-5306
77,"Juan Spencer",Individual,"North David",+1-144-242-796389583
78,"Aaron Davis",Shelter,Marshallton,2310820755
79,"Meagan Ramirez",Charity,Angelaville,001-671-666-769155556
80,"Eric Jackson",Individual,Knightburgh,7326023388
81,"Theresa Ramirez",NGO,"Port Gregoryport",+1-582-895-7478325
82,"Laura Bennett",NGO,Evansside,379719-169340160
83,"Julie Hines",NGO,Davidview,143-601-654548405
84,"Deanna Lewis",NGO,"East Kelli",0938550061
85,"Jeffery Mueller",Charity,"Lake John",3024932900
86,"Jessica Grant",Charity,Smithshire,6011321809716
87,"Tammy Walker MD",Charity,"West Ronaldland",982044-7177
88,"Eric Ryan DDS",NGO,"Lake Daniel",001-677-794-684702126
89,"Mr. David Lambert",Individual,Robinsonside,929841-1999
90,"Alvin West",Shelter,Kellybury,417314-8724
91,"Ashley James",Charity,Garrettborough,192-784-7581225
92,"Bridget Peterson",NGO,Greenton,509037-6331927
93,"Allison Bray",Individual,Alexatown,001-122-277-3588
94,"Timothy Patel DVM",Charity,"New Jessica",+1-046-832-9667841
95,"Anthony Green",NGO,Laurafort,001-706-024-92305313
96,"Michael Walls",Individual,Carterside,650-930-7741
97,"Nathan May",Charity,"South Veronicaburgh",808784-9354
98,"Brian Cowan",Individual,Henryhaven,234142-126521005
99,"Nancy Silva",Individual,Russellville,9292213591105
100,"Melissa Little",NGO,Robertaborough,250263-7746235
101,"Nicole Reid",Shelter,Hollytown,8085646895
102,"Daniel Burton",Individual,"North Matthewhaven",9722844190487
103,"Karen Cruz",Individual,"West Justin",500583-5978
104,"Victor Reyes",Charity,"North Joshuafort",+1-411-230-88725335
105,"Trevor Wilson",NGO,"North Pamela",001-651-719-14034050
106,"David Johnson",Individual,"Lake Rebecca",035-019-0294
107,"Jessica Morris",NGO,"Port Elizabethton",137776-1761
108,"Suzanne Dawson",NGO,"East Josephstad",+1-682-159-21433841
109,"Rachel Nguyen",NGO,Theresamouth,040545-2043
110,"Karla Castillo",NGO,"Lake Michaelton",192-811-268597518
111,"Deanna Flores",NGO,"West Johnny",6692949581
112,"Brady Lopez",Individual,Michaeltown,8312755906807
113,"Jonathan Young",Shelter,Georgeborough,164-864-178677029
114,"John Chase",NGO,Meganton,53042464704854
115,"Anthony Carter",Shelter,Scottmouth,499726-7360
116,"Mark Lee",Individual,"Port Teresa",001-983-757-6830086
117,"Kelly Pierce",Shelter,"East Heatherborough",5172321717
118,"Matthew Tran",Charity,"South Franciscoport",5831441560457
119,"Jasmine Robertson",Individual,Deanview,001-388-078-67694237
120,"Matthew Ramos",Shelter,Kennethberg,503563-97039449
121,"Gavin Freeman",NGO,Ayalamouth,7826814168
122,"Drew Cline",NGO,"Port Patriciachester",517-828-7715
123,"Teresa Williams",Charity,"South Alexandraport",673228-882964732
124,"Marie Andrade",Charity,Meghanfort,314-096-2823
125,"Tammy Smith",Individual,Campbellchester,001-668-537-1925410
126,"Heather Brown",NGO,"North Lori",836116-13658718
127,"Hayden Hill",NGO,"North Roger",1431125754
128,"Sarah Carter",Charity,"New Benjamin",001-513-018-5852
129,"Denise Martinez",Charity,Drakeburgh,463887-8557617
130,"Matthew Hughes",Charity,Marieview,468-431-4471
131,"Shawn Mills",Charity,Jeffhaven,+1-951-192-1790
132,"Katherine Gomez",Charity,"South Jasonberg",609802-21083673
133,"Robert Johnson",NGO,"West James",301-749-5770
134,"Emily Christian",Individual,Marcusberg,724629-2189533
135,"Jeanne Spencer",Shelter,Huntermouth,987-474-6001775
136,"Katherine Murphy",NGO,"New Elaine",0675064790
137,"James Jones",NGO,Bakerfort,1224216342
138,"Christina Potter",NGO,Phillipsbury,+1-366-144-4542657
139,"Charles Martin",NGO,"New Christopher",586009-0817964
140,"Kristin Scott",Shelter,"North Christina",5989059117
141,"Christine Gray",Individual,Dawnview,001-466-538-0401
142,"Melody Good",NGO,Wilsonfort,8802732716
143,"Amanda Hendricks",Shelter,Nancyshire,0094941313
144,"Jennifer Nelson",Individual,"North Paul",613802-7241644
145,"David Hull",Shelter,Tanyachester,1398046633
146,"John Cummings",Individual,Joshuamouth,1344646051
147,"Sara Wise",NGO,"New Shannonbury",086-773-68818590
148,"Robert Simon",NGO,"North Amandafort",172646-7107977
149,"Nathan Willis",NGO,Danielfort,8303189696322
150,"Kelly Howe",Charity,Davidmouth,0960593098621
151,"Lisa Eaton",Shelter,"New Aimeemouth",3428696733
152,"Jasmine Miranda",Individual,Caseyland,91350948003395
153,"Jason Holmes",Individual,Williamtown,+1-865-533-06129768
154,"Thomas Johnson",Shelter,"Lake Victoriaport",6267945876
155,"Christopher Kennedy",Shelter,Patriciaton,509-179-8044
156,"Corey Mitchell",Charity,Jacobsmouth,001-392-115-85579367
157,"Jason Davis",Individual,Charleston,523-114-6883
158,"Gregory Murphy",Individual,"South Ashley",090319-2480
159,"Angela Cortez",NGO,Lisaton,+1-685-216-485171780
160,"Tracy Hartman",Charity,"South Jill",+1-947-203-9101
161,"Mary Nguyen",Charity,Mcclurestad,+1-453-182-2743789
162,"Douglas Baxter",Individual,Amandaville,+1-139-598-230818363
163,"Jennifer Anderson",Charity,Daleshire,+1-073-375-4139
164,"Aaron Scott",Charity,Heatherfurt,075863-316828937
165,"Danielle Bailey",Shelter,"East Sarahtown",326806-092709574
166,"Danielle Willis",Charity,Ginamouth,870458374734840
167,"Erica Fox",Charity,"West Shawn",001-029-918-87862118
168,"Kayla Johnson",Shelter,"East Timhaven",7865345065
169,"Jon Stanton",Charity,Nguyenfurt,467-723-27868881
170,"Adam Browning",Charity,"Port Erica",1965969067
171,"Suzanne Velasquez",NGO,Joanchester,305672-4633961
172,"Nicole Brown",Charity,Thomaston,216-121-6760
173,"Jason Moore",NGO,"West Courtneyport",913468515418139
174,"Matthew Johnson",Individual,Smithstad,2858590597
175,"Stephanie Hoffman",Individual,"New Tiffany",972598-5363199
176,"Brendan Farley",NGO,Nicoleport,3763303007
177,"Tonya Lucas",NGO,Robertsonchester,+1-913-542-65239521
178,"Deanna Jarvis",Shelter,"Port Emilymouth",799565-8611
179,"Adam Hodge",Charity,"West Krystalview",+1-163-751-5462947
180,"Michelle Cook",Shelter,Peterhaven,412902-4858
181,"Paul Evans",NGO,Smithshire,3222400397
182,"Troy Miller",Charity,Seanside,8901485867
183,"Nicole Walker",Individual,Thomasland,001-617-475-691302561
184,"Matthew Sanchez",Individual,"Port Melissa",001-715-920-162223981
185,"Shannon Pineda",Individual,"Lake Amanda",129-249-0893786
186,"John Massey",Shelter,Heathertown,4995907798
187,"Amy Thomas",Shelter,"Lake Erica",+1-215-295-05974795
188,"Tina Ingram",Charity,Angelicatown,+1-967-134-364612054
189,"Stephen Smith",Individual,Maxberg,690326-1349605
190,"Maria Jackson",Charity,"North Shelby",0160416963060
191,"Brent Anderson",Shelter,"New Seanburgh",2254787600
192,"Rhonda King",Individual,Toddborough,367-958-5492
193,"Jesse Brown",Charity,Figueroaport,001-481-425-070682893
194,"Alan Campbell",NGO,Shawmouth,942807-079371978
195,"John Martin",Charity,"New Jason",581-174-6644358
196,"Tara Bauer",Charity,"Port Dustin",709935-2878
197,"Deanna James",Shelter,"East Tinamouth",839-100-69403681
198,"Scott Anderson",Individual,"East Teresamouth",7332968887
199,"Ashley Rivers",Individual,"East Sharon",+1-988-051-21936577
200,"Nicole Williams",NGO,"East Jillian",+1-785-780-7784633
201,"Calvin Lucas",Individual,Corybury,4177309502
202,"Veronica Coleman",NGO,"North Mario",096512-552876619
203,"Vincent Matthews",Shelter,Allenmouth,0335998576
204,"Rachel Thomas",Individual,"North Lindachester",417873-584816786
205,"Kimberly Wilkins",Charity,"West Casey",3783162949
206,"Ashley Brooks",Individual,Ramseystad,4288209314
207,"Nicholas Holloway",Shelter,"South Kendraville",719-821-9201
208,"Michael Flores",Charity,Andrewmouth,+1-972-682-8043628
209,"Gina Payne",Individual,Steveberg,960884-66341029
210,"Tara Mcmahon",NGO,"South Anna",283-528-8473
211,"Judy Griffith",Charity,Baileyville,+1-255-391-638212809
212,"Ronald Gonzalez",Shelter,Stevenmouth,+1-946-378-32100415
213,"Kelly Barber",NGO,Emilymouth,259-420-408804690
214,"Corey Rodriguez",NGO,"New Roseville",+1-866-544-7425907
215,"Mr. Matthew Johnson DDS",Charity,"Port Stephen",1733110659
216,"Morgan Massey",Charity,"West Amybury",929-286-6902
217,"Kelsey Holloway DDS",Charity,Ashleyborough,300705-197878749
218,"Corey Lamb",Charity,"New Daniel",882-893-9920
219,"Alex Rogers",Charity,"Lake Austinmouth",+1-017-613-1019
220,"Cassandra Mendoza",NGO,Dantown,2612673922
221,"Rebecca Goodman",Shelter,Robinsonland,392221-8538523
222,"Stephanie Jones",Shelter,"West Aaronport",001-029-940-1111
223,"David Henderson",Charity,Hallside,976946-9613
224,"Franklin Kelley",Charity,"East Jacob",2077678809
225,"Joseph Bowman",NGO,"West Jessica",001-363-434-284724463
226,"Daniel Kerr",Charity,Fergusonton,548955-93848406
227,"Samuel Hodge",NGO,"Port Maria",302-463-7516
228,"Joanna Wilkins",Charity,Singletonview,796888-1488
229,"Tina Watkins",Shelter,Bushview,7774795306
230,"Nathaniel Moreno",NGO,Poolestad,816818-9063631
231,"Christopher Barrett",Charity,"Port Brianville",+1-099-740-125466035
232,"David Smith",Charity,Davidshire,1064657709
233,"Alicia Porter",Charity,"Port Ericmouth",001-652-614-288466578
234,"Keith Atkinson",Charity,"Lake Julia",686-968-4161069
235,"Megan Freeman",NGO,Rogerburgh,+1-510-274-61830559
236,"Duane Burnett",Charity,"New Derek",001-590-114-4533323
237,"Cathy Adams",Shelter,"West Josephshire",269-061-4726
238,"Kendra Krause",NGO,Davisburgh,450032-0502
239,"Lindsay Garcia",NGO,"North Kimberlyport",0722151225
240,"Ronald Miller",Shelter,Edwardsside,0180633263
241,"Elizabeth Dunn",Charity,Wilsonfurt,069221-0114
242,"Matthew Pearson",NGO,Garciaview,6212235497
243,"Alexis Smith",NGO,"West Vickie",001-272-079-393993350
244,"Jason Ramos",Shelter,Carolhaven,1460140992777
245,"Rebecca Sanchez",Shelter,"New Craig",586-413-7361
246,"Kristi Wagner",Shelter,"Lake Darrellburgh",264-255-1562
247,"John Mitchell",Charity,Aaronshire,001-095-184-7835
248,"Victoria Lee",Charity,"New Abigail",979-786-235915290
249,"Zachary Lewis",Charity,"Lake Kelli",0318694632
250,"Jamie Ferguson",Charity,Jenniferberg,001-052-150-4048243
251,"Sarah Hodges",NGO,Martinland,001-016-163-1445
252,"Angela Dunlap",Individual,"New Julian",8542032129
253,"Adam Pittman",NGO,"West Christiantown",45591515888706
254,"Felicia Wilkinson",Shelter,Williamsfort,4034230469
255,"Walter Myers",Individual,"New Tina",+1-285-278-83810454
256,"Derek Wilson",Individual,Christopherland,+1-963-859-7585002
257,"David Bryant",Shelter,"South Amy",434-290-31191927
258,"Scott Grant",Individual,"Port Samantha",001-691-849-886097955
259,"Aimee Stone",NGO,Barnesport,104-394-704183013
260,"Patricia White",Charity,"Lake Jessicaborough",434635-4716587
261,"Maria Lang",NGO,"East Moniquemouth",795261-1223445
262,"Autumn Reed",NGO,"East John",+1-001-202-0048
263,"Ann Mcclure",Shelter,"West Johnmouth",3357769231
264,"Sandra Townsend DVM",NGO,"West Kelly",+1-135-886-084242924
265,"Rebecca May",Individual,Murrayview,783144-3726
266,"Stacy Mayo",Shelter,Bauerton,+1-364-925-2936855
267,"Randall Robbins",Shelter,Dylanton,+1-382-112-6000
268,"Steven Morton Jr.",Shelter,Kellybury,884503-7406
269,"Mrs. Paula Jones",Individual,Emilymouth,935377-274236543
270,"Darlene Fernandez",Shelter,Monicaton,0792874429
271,"Mark Hartman",Individual,"East Ashleyshire",818-015-1582
272,"Walter Carter",Shelter,Brianchester,170734-412302001
273,"Jonathan Soto",Charity,Autumnbury,247-993-81119057
274,"Robin Ross",Individual,"East Williamborough",780754-0093
275,"Michael Johnson",Individual,Longmouth,0810428712
276,"Scott Hunter",Individual,Greenton,074305505360975
277,"Austin Jones",Charity,Brandonside,601474-8397472
278,"Jay Roberts",Shelter,"West Christopher",435815-1380935
279,"Angela Wyatt",Charity,"Port Jessica",59291316463179
280,"Jesse Miller",Shelter,"Port Samanthamouth",14207641309854
281,"Mrs. Kristin Adams DDS",Charity,"Lake Christychester",073-764-3235
282,"Lisa Pitts",Shelter,"Lake Stephenport",001-709-342-3522
283,"Edward Cook",Charity,Isaiahtown,990-534-5202158
284,"Beth Sanchez",NGO,Dustinfurt,89673781782821
285,"Derrick Curtis",NGO,Stephaniechester,140-095-16395596
286,"Travis Hughes",Shelter,Castilloland,905976-670497813
287,"Jennifer Johnson",Charity,Burnettton,7970971389
288,"Christopher Larsen",NGO,Susanview,146-422-6270
289,"Nathan Reynolds",Shelter,"Lake Tina",0295226591
290,"Karen Brennan",Shelter,Hannahside,6935324960
291,"Dawn Thompson",Charity,"North Josephland",1419736585
292,"Mrs. Emily Smith DVM",NGO,Shermantown,348542-4932868
293,"Randy Roach",Charity,"East Bryan",888-534-4534
294,"Cynthia Horton",NGO,Jamesstad,5355765970774
295,"Joseph Williams",Individual,"East Dale",001-112-513-9413
296,"Pamela Santos",Shelter,"Lake Michael",8651865350045
297,"Deanna Daniels",Individual,Aguilarstad,001-436-929-2288
298,"Robert Burke",NGO,Marksmouth,99529780230932
299,"Michael Curtis",Shelter,Alexanderbury,+1-523-687-888166849
300,"Jeanne Benjamin",NGO,"North Alexander",59500079713446
301,"Kristina Simpson",NGO,Melissaport,3752453906
302,"Daniel Moore",Charity,"Port Richard",176-809-8232828
303,"Joseph Davis",NGO,Millerport,779802631967760
304,"Jennifer Ayala",NGO,Edwardshaven,929015-841175681
305,"Brendan Vargas",NGO,Kellyville,9816606741707
306,"Donna Williams",Charity,Calebview,083-313-099009518
307,"Logan Becker",Charity,"North Patriciamouth",+1-226-239-1432
308,"Robin Pena",NGO,Cynthiashire,691-775-8145
309,"Bryan Smith",Individual,"New Julia",001-127-550-64415817
310,"Gary Adams",Individual,"New Sara",001-323-823-402661837
311,"Tina Jackson",Charity,Geraldchester,103-002-5677
312,"Pamela Morales",NGO,Schaeferfort,791624-25309708
313,"David Marsh",Shelter,"North Kimberlyfort",498526-576831348
314,"Kelsey Smith",Shelter,Haleymouth,764989-303677897
315,"Anthony Harris",Individual,"West Aaronberg",811-306-2805
316,"Jacob Montoya",NGO,Meganmouth,609858636685166
317,"Martha Flores",NGO,"Lake Glenview",5684260750
318,"Michael Carter",Charity,Danielborough,+1-149-468-96475327
319,"Donald Bender",Charity,Andersenfort,262899-6349569
320,"Carmen Barker",Shelter,"North Williamview",001-151-284-3163
321,"Wanda Wise",Shelter,"South Bethanyport",940028-049349472
322,"Stephanie Mathews",Shelter,"North Ashleymouth",+1-852-242-776249312
323,"Linda Banks",Individual,"New Sarahmouth",323-540-940392583
324,"Kristine Martin",NGO,Thompsonhaven,444954412716438
325,"Lawrence Owens",Individual,"South Amybury",+1-565-748-7655
326,"Douglas Jacobs",NGO,"East Gina",819-072-2490353
327,"Aaron Keller",Shelter,Melissaview,7995680302
328,"Carlos Lawrence",Individual,"New Justinhaven",2725803538
329,"Christine Patterson",Individual,Edwardfort,001-270-907-09815520
330,"Kimberly Hamilton",Individual,"North Bruce",398-486-82329944
331,"Shane Stein",Individual,Reidton,086799-627714274
332,"Raymond Harris",Charity,Hammondfort,1731852783
333,"Gabriel Vargas",Charity,Chaseview,001-343-254-2598
334,"Gina Wu DDS",Shelter,"Lake Melindaside",484350-0946
335,"Deborah Sexton",Shelter,Victoriastad,899-936-47206569
336,"Laura Marshall",Charity,"East Lisafurt",+1-389-167-791681453
337,"Jennifer Schmidt",Individual,"South Michelleshire",007-561-409427296
338,"Patrick Zimmerman",Shelter,Thomasberg,913638-9318024
339,"Dustin Johnson",Individual,Gomezmouth,001-171-995-281584366
340,"John Baxter",NGO,"New William",894-441-913666913
341,"Anna Buckley",Individual,Murphyfort,4212819097013
342,"Kristina Vargas",Charity,"Lake Rebeccaton",3647796707066
343,"Roberto Stanley",Shelter,Melindaview,273299-41770763
344,"Barbara Velasquez",Charity,Priceborough,669247-4183
345,"Eric Ramos",Individual,Rushfurt,515928158732812
346,"Mr. Mark Knight DVM",Charity,"East Joseph",757-796-78722411
347,"Michael Keller",Individual,"New Derek",000572-1246444
348,"Donna Hughes",Individual,Maryfort,352-520-3779375
349,"Gwendolyn Johnson",Individual,"West James",6497149926
350,"Sylvia Stanley",Shelter,Jenniferbury,065-230-0281
351,"Kerry Jones",Charity,"New Christopher",725-779-5651
352,"Cody Martin",Individual,Angelamouth,239678-658009652
353,"Mrs. Stacey Morales MD",Individual,Juliastad,8660509817
354,"Kimberly Nelson",Charity,"Lake Lesliemouth",009475-3945
355,"Brian Hoffman",Shelter,"Lake Dillonborough",718753-54217242
356,"Brian Cherry",Charity,Swansonport,+1-673-372-2010
357,"Jacob Orozco",Individual,"West Jeffrey",787-834-8225
358,"Brian Davis",Charity,Williamsfort,750646-5852
359,"Travis Walker",NGO,"West Dan",843905-0785
360,"Tammy Boone",Shelter,"New Christopher",3017137646501
361,"Samuel Lewis",Individual,"North Nicole",001-381-807-5033358
362,"Elizabeth Collins",Shelter,Johnland,601532-8275383
363,"Stephanie West",Charity,"North Jamesfurt",001-794-254-5542
364,"Keith Gray",Charity,"New Corey",001-297-087-371391812
365,"Melissa Green",Shelter,"South John",62169804261205
366,"Tony Holmes",NGO,Jaredport,62313140400485
367,"Ricardo Roberts",Individual,"West Matthewborough",371857-173824461
368,"Debra Murray",NGO,Duncanchester,566-832-5437
369,"Sherry Hall",NGO,Davidmouth,256-166-36232267
370,"Tara Johns",Individual,Paulmouth,374171599158449
371,"William Frederick",NGO,"Port Dean",001-228-551-9866
372,"Harold Bowen",Charity,"South Barbaraburgh",732692165304238
373,"Seth Esparza",Shelter,"Port Brandonberg",2597616873
374,"Ricky Walker",Individual,"Port Johnstad",001-066-700-7862511
375,"Melissa Smith",Shelter,"Lake Stevenburgh",+1-616-230-5539
376,"John Reeves",NGO,Jamieview,+1-050-306-924420943
377,"Patrick Campbell",NGO,Leeton,7058064686
378,"Brandi Buckley",Shelter,Lawrencechester,518-742-294512087
379,"Tara Graham",Shelter,"Lake Cory",6178697697
380,"Heather Silva",Charity,"Lake Ryan",1340826530
381,"Yvette Huffman",Charity,Reevestown,8398518386
382,"Patricia Stevens",Shelter,Perezport,001-628-479-0049980
383,"Melissa Kennedy",Individual,"West Tina",129335-491624644
384,"Anthony Guerra",Charity,"North Michelle",10222270705313
385,"William Barnes",Shelter,Kellyfurt,257241-0749262
386,"Mary Hopkins",Individual,Tiffanyport,001-476-350-84657500
387,"Michael Proctor",Charity,Lisafurt,119549-4969
388,"Nicole Mueller",Charity,Rachelberg,241-269-1178
389,"Kelly Buchanan",Charity,"Lake Jonathanchester",106-927-51780789
390,"Victor Crawford",NGO,"New Brandonton",+1-389-087-525262752
391,"Regina Munoz",NGO,"Lake Clinton",5859553149
392,"Tracy Douglas",NGO,Gordonstad,+1-084-522-89328580
393,"Dana Simmons",Shelter,"West Jorge",005-720-232375794
394,"Kyle Kerr",Charity,Sarahville,065853-71584157
395,"Joseph Davis",Charity,Sherryhaven,426-870-27576102
396,"Allison Martinez",NGO,"New Amy",945511-1142655
397,"Mr. Robert Rivera II",Individual,Bergerport,+1-470-154-54784289
398,"Alex White",Charity,"Port Carmen",226363-8449
399,"Jennifer Hughes",Charity,"West Donnaton",001-147-430-12048556
400,"John Byrd",Shelter,"West Randall",219313-6702212
401,"Leslie Acevedo",Charity,"Lake Matthew",028737-355689803
402,"Nicholas Mosley MD",Individual,"North Manuel",+1-759-332-7128
403,"John Collins",Shelter,"New Deborahville",001-237-766-3335
404,"Marissa Fischer",Shelter,"New Kevin",454463-81428597
405,"David Evans",Shelter,Chambersmouth,316221-9715
406,"Ashley Martinez",NGO,"Lake Crystal",151-521-2736
407,"Arthur Thomas",Charity,Clarkhaven,001-797-615-85607849
408,"Jennifer Mccoy",Individual,Morganville,430171-11481808
409,"Matthew Simmons PhD",Shelter,Brandonhaven,001-040-668-455958950
410,"Betty Reid",Charity,"North Abigail",001-526-626-711720926
411,"Eric Kaiser",Shelter,"West Mikayla",001-493-969-0455844
412,"David Carney",NGO,"Port Dianemouth",001-710-732-1565428
413,"Dennis Schultz",NGO,"New Natalieland",348049-0216
414,"Dr. Matthew Hughes DDS",NGO,Christopherchester,+1-126-714-229091321
415,"Kevin Blair",Individual,"Lake Laurenburgh",887033-57574595
416,"Ernest Cox",Shelter,Christinaland,061462-4166
417,"Justin Santos",NGO,Rayfurt,95322162913146
418,"Miss Mary Turner",Charity,"North Holly",899-330-2450
419,"Teresa Jackson",Shelter,"Port Thomasstad",001-620-115-671507034
420,"Susan Green",Charity,Josephborough,+1-716-778-742809975
421,"Jonathan Copeland",Shelter,Jonathanview,8360481897257
422,"Tina Bean",Charity,"South Tyler",001-877-090-0264425
423,"Christine Bell",Individual,"South Edwardburgh",172033-319674489
424,"Pamela Harris",Charity,Lewisfort,320-562-3060
425,"Robert Chavez",NGO,Chadport,886049-9104019
426,"Jose Rivas",Shelter,Rosaleschester,001-411-455-9848386
427,"Toni Johnson",NGO,"Lake Steven",045229-8601
428,"Elizabeth Galvan",NGO,"Lake Karen",+1-896-018-1230
429,"Daniel Williams",Shelter,Russellburgh,2886093038
430,"April Johnson",NGO,Pagemouth,540486-0312
431,"Mr. Gregory Thompson",Charity,"East Douglas",725348581315130
432,"Julie Brown",NGO,"East Melissaport",544200-667339918
433,"Michael Dunn",Individual,"Lake Kyleside",001-263-994-2712
434,"Jason Alvarez",NGO,"South Connorview",107164-5994
435,"Whitney Evans",Shelter,Martinezside,001-355-911-9659
436,"Jacqueline Turner",NGO,Robertsport,9378418251
437,"Lindsey Lewis",Shelter,"West Rogerview",001-610-209-8312
438,"Jane Davis",Individual,"Lake Joshuaville",001-480-554-8487778
439,"Erika Lopez",Shelter,"North Margarethaven",1170271702
440,"Alexander Walsh",Individual,Troyshire,001-443-638-78587009
441,"Cynthia Johnson",Charity,"West Cherylland",7160980270507
442,"Natasha Harper",NGO,"Port Sara",474763-327281635
443,"Brittany Anderson",Individual,"Port Michaelmouth",610-921-413412104
444,"Michael Simmons",Individual,Coreymouth,427-237-34805364
445,"Christopher Williams",NGO,"North Kathryn",304550-402326262
446,"Eric Mays",NGO,"Port Deborahbury",555-698-7496465
447,"Erika West",Individual,Mikemouth,409663427089860
448,"Nicholas Harrison",Shelter,"New Timothymouth",0155752106
449,"Mrs. Valerie Hartman",NGO,"Port Jenniferborough",1271218776
450,"Russell Smith",Charity,"New Rebecca",+1-581-575-6141390
451,"Marcus Gregory",Shelter,Hollyside,452490-40542105
452,"Tina Banks",Charity,"Port Judith",986-535-7620
453,"Kristen Alvarado",NGO,Davidport,001-965-776-909206414
454,"Steven Griffin",NGO,Cruzborough,5115950189
455,"Jennifer Kennedy",Individual,"Port Deborah",9581893095
456,"Rodney Perkins",Charity,"Lake Christina",2914238876
457,"Ryan Cole",Charity,Sandratown,001-477-548-69563901
458,"Michael Vargas",Charity,"East Andrewhaven",932466-19337047
459,"Brandon Riley",NGO,Powerston,742-364-6134
460,"Karen Stafford",Shelter,"West Justinberg",040774-3704
461,"Tonya Lewis",NGO,Edwardport,9693197491
462,"Timothy Martin",Charity,"Lake Adriennechester",0686804383
463,"Frank Jackson",Charity,"North Jeffreychester",441504638508595
464,"Richard Parsons",Shelter,Bushbury,+1-781-993-110642127
465,"Makayla Davis",Shelter,Chrisport,2829299573
466,"Christine Ashley",Individual,"South William",067618-43528380
467,"Nathan Gonzales",Charity,"East Daniel",5439084807329
468,"David Castro",Shelter,Heatherhaven,70152986113352
469,"Steven Martinez",Individual,Johnsonberg,772398-6224
470,"Edwin Osborne",NGO,"North Robinville",160-605-7945
471,"David Fuentes",NGO,"North Kimberlyland",7679660659378
472,"Brian Hill",Charity,"Port Dominique",001-468-666-09943200
473,"Justin Powell",Shelter,"Port Sarah",001-823-112-394746965
474,"Christine Lawrence",Charity,Bobbyfort,936378-6017
475,"Kim Gamble",Individual,"East Ginafort",076275-8691
476,"Jennifer Baker",Shelter,Castilloshire,+1-340-509-38993380
477,"Jorge Young",Shelter,"Lake Rebeccaton",2086783432
478,"Benjamin Wilson",NGO,"West Aliciaburgh",522862-6624
479,"Karen Reeves MD",NGO,"Lake Mitchellbury",365-174-3809
480,"Michael Roberson",NGO,"South Davidstad",82194517124447
481,"Heather Brown",Shelter,"New Michaelport",001-137-622-5038219
482,"Timothy Garrett",NGO,Andersonview,9075323328
483,"Emily Sandoval",Charity,"Port Gregory",076-207-0611
484,"Mary Harrington",Shelter,"Port Jason",773159-6013005
485,"Debbie Cox",Charity,Christopherchester,001-858-989-147860960
486,"Ronald Brown",Shelter,"New Dustin",768201-4672
487,"Micheal Peterson",NGO,"West Jeffreyfurt",0943304095
488,"Patrick Jenkins",Charity,"West Richard",117098-860839905
489,"Erin Foster",Charity,Jessicatown,104-981-95438798
490,"Tiffany Smith",NGO,"Port Brandon",1509541064502
491,"Molly Edwards",Charity,Rodriguezborough,3469124779
492,"Julie Lewis",NGO,"South Steven",557352-34974606
493,"Chelsea Powell",Charity,"Lake Rachelburgh",001-527-059-416872504
494,"Timothy Chavez",Individual,Brooksmouth,939046-436226066
495,"Andrea Meyer",Individual,Christophertown,001-579-575-4238796
496,"Kristina Park",Charity,Langburgh,001-608-542-0101
497,"Miss Jamie Gonzalez DDS",Charity,Proctorville,011132-16191390
498,"Dennis Ford",Charity,"Port Derekland",560-838-8104
499,"Ricky Harmon",Individual,"Port Chaseport",8173998610569
500,"Richard Patterson",Charity,Huynhmouth,1091960030
501,"William Davila",Individual,Gilbertborough,632-044-8155
502,"Carly Austin",Charity,Connerland,58869696947636
503,"Eileen Scott",Charity,Lewismouth,834331-417857771
504,"Michael Williams",Shelter,Matthewhaven,001-511-204-6271
505,"Alexandra Owens",NGO,Bradleyland,9279961259
506,"Mrs. Kim Blackwell",NGO,"Port Margaretport",978017-2536
507,"Destiny Maldonado",Charity,Carlosfurt,264-754-64322877
508,"Kimberly Wilson",Individual,Susanville,9903662975
509,"Drew Edwards",Charity,Huffmouth,+1-910-217-065058040
510,"Jeremy Christensen",Individual,Ashleyborough,678-777-3829
511,"Kimberly Cox",NGO,"Lake Gloria",628-904-6503
512,"Anne Stone",Shelter,Pittsville,468482-95317575
513,"Dr. Ryan Gilbert",Individual,Sarahaven,52738646115297
514,"Ashley Bell",Shelter,Olsonland,+1-733-905-492497502
515,"Misty Downs",NGO,Robertview,0643596470
516,"Gary Myers",Shelter,Turnerhaven,001-669-919-8102
517,"Taylor Wolfe",Individual,"New Travisland",5163674140
518,"Katrina Smith",NGO,Stephanieberg,57711299496527
519,"Elizabeth Salazar",Shelter,Paynestad,655147-4123411
520,"Alexandra Jones",NGO,Lisaborough,9258392741
521,"David Robinson",NGO,Carolinebury,+1-225-576-9253
522,"Veronica Robinson",NGO,"East Cynthiahaven",108881-7279
523,"William Fox",NGO,"Port Angelafurt",228-002-6281
524,"Tiffany Rodriguez",Charity,Ramirezhaven,+1-976-624-271890881
525,"Michael Dixon",Charity,Rebeccaview,5796325450933
526,"Brian Morales",NGO,Darinland,409-939-72329674
527,"Kelli Fuentes",NGO,"East Peter",001-579-200-2768448
528,"Alexander Dean",Charity,"New Robert",+1-291-500-33493774
529,"Amy Perez",Charity,"West Jacquelineland",001-692-634-3701202
530,"Lindsay Yates",Individual,Diazshire,+1-988-586-75681040
531,"Alexandra Rogers",Charity,Paulaburgh,911-326-327485954
532,"David Sellers DVM",Individual,"South Michaelfurt",4923213443
533,"Joseph Knapp",Shelter,"New Michael",1170969114
534,"Megan Miller",Individual,Anthonyport,2526655472
535,"Jane Avila",Shelter,Christinahaven,0329872893
536,"Margaret Lloyd",Shelter,Phillipston,+1-551-266-729292504
537,"Earl Eaton",Shelter,"Port Michaelport",0764237778
538,"Ronald Norton",Individual,Carterton,+1-311-060-58460735
539,"Jessica Lee",NGO,Vasquezberg,1295971071
540,"Cristina Curtis",Individual,"East Davidbury",504-722-0994
541,"Amy Brown",NGO,Shelbyland,752956320804024
542,"Savannah Neal",Individual,Ashleeside,750257-47369555
543,"Brenda Green",Charity,Jacobmouth,001-344-515-4579388
544,"Matthew Wright",NGO,"Port Traci",001-782-074-4708
545,"Peter Allen",Individual,"Port Kristinechester",+1-487-877-1518
546,"Meagan Hughes",Charity,"Lake Lance",109364-9434
547,"James Kennedy",Charity,"South Donaldshire",543901874248816
548,"Gary Andrews",NGO,Gonzalezstad,+1-115-368-3340
549,"Trevor Lam",NGO,"New Alexismouth",726-277-0665
550,"Shawn Gibson",Individual,"South Eric",001-268-793-042733000
551,"Kyle Vega",Shelter,"West Alexandra",+1-239-355-7045
552,"Jeremiah Jones",NGO,Shaneport,3223114182
553,"Scott Proctor",Shelter,Adamland,998282-23157499
554,"Margaret Mccullough",Charity,Ortizmouth,888-890-3956
555,"Mary Lewis",Individual,"Port Richard",+1-443-680-8966
556,"James Wolfe",NGO,Woodsfurt,337791-79905443
557,"Andrea Mcdaniel",NGO,Kingville,938395-060260948
558,"Samantha Salinas",Charity,Rayberg,001-301-396-815396235
559,"Randy Martinez",Shelter,Brownville,001-788-451-1379961
560,"Matthew Mendez",Shelter,"South Meganland",+1-406-192-314120799
561,"Andrea Morris",NGO,Hallton,151391-835082191
562,"Antonio Murphy",NGO,"West Kevin",+1-177-564-03009110
563,"Brandon Johnson",Charity,Randyville,1501609543250
564,"Justin Smith",Individual,Pottertown,+1-588-874-3231
565,"Brian Blankenship",Charity,"East Jordanborough",+1-450-291-62239898
566,"Michael Lewis",Individual,"East Kimberlymouth",072-078-1249988
567,"Peggy Knight",Shelter,"North Michaelville",293-241-74695110
568,"Melissa Mclaughlin",Charity,Roberttown,671-908-777708364
569,"Danny Randolph",Shelter,"South Yolanda",0290118582
570,"Anthony Cochran",Individual,"Port Todd",+1-960-253-08284007
571,"Lydia Phillips",Shelter,"North Hollyland",704162-2429
572,"Diana Blair",Shelter,Murrayside,001-632-774-339850003
573,"William Clark",Shelter,"Port Courtneyland",4689527647
574,"Mr. William Hunt",Shelter,Barreratown,56485469787462
575,"Jennifer Davila",Shelter,Hollandburgh,+1-401-371-84475866
576,"Justin Lopez",Individual,"East Stephenton",526153-8449436
577,"Thomas Burch",Charity,"North Lori",3908825868
578,"Larry Bradshaw",NGO,"Lake Cody",001-843-597-3151
579,"Nancy Guerrero",Individual,"South Elizabeth",891381-7696
580,"Yesenia Solomon",Charity,"Port Paulaton",7765870514
581,"April Mcintosh",Charity,"North Sherribury",925-387-59319388
582,"Douglas Cook",Shelter,Hunterbury,8724548537
583,"Sean Henderson",NGO,"Lake Gregory",5533264934118
584,"Austin Vance",Shelter,Whiteside,074087-196283029
585,"Mark Lewis",NGO,Lisaview,+1-894-554-02205777
586,"Amy Barker",Shelter,"North Nathanville",001-806-821-30105044
587,"Jennifer Clark",NGO,Spencermouth,+1-862-196-71099671
588,"Laurie Alvarez",Shelter,"North Raymond",463392-988742698
589,"Nicole Williams",NGO,"West Richard",7277713700
590,"Terry Fernandez",Shelter,Mooreburgh,506052752343392
591,"Susan Clark",NGO,Beckville,020435-7439
592,"Michael Pennington",Charity,"South Gabrielmouth",905420-9084
593,"Douglas Mann MD",NGO,"North Lisaburgh",3180399487
594,"Sheri Johnson",Shelter,"North Christopher",2539200751
595,"Courtney Whitney",Individual,"West Mariashire",001-528-446-7897
596,"Natalie Navarro",Shelter,"West Carrieberg",001-433-742-6627972
597,"Willie Nichols",Charity,Jonesland,001-117-609-7351313
598,"Alexa Guerra",NGO,Ariasbury,7691923865
599,"Christopher Davis",NGO,"South Yvettestad",+1-496-952-50722056
600,"Bruce Alexander",Individual,"New Tammyhaven",3765012938
601,"Peter Gonzalez",Shelter,Biancaton,112578-46019811
602,"Paul Carter",Individual,Kinghaven,108002-530183445
603,"Christina Caldwell",Shelter,"New Christopherburgh",457874-58077325
604,"Ashley Hall",Individual,Butlerborough,+1-547-344-3774
605,"Tara Johnson",NGO,"East Nathan",9017973598
606,"Jenna Bowen",Shelter,Nicoleside,682183-9790650
607,"Sean Wolf",NGO,Mcfarlandhaven,490913-7034400
608,"Oscar Bauer",Charity,"South Nicoleberg",001-874-507-6783
609,"Brian Riddle",Shelter,Jenniferbury,1493189525
610,"Jimmy Morton",Charity,"New Carrie",001-721-348-05706158
611,"Jeff Rivas",Charity,Mcdanielmouth,67506542904573
612,"Meredith Griffin",NGO,Patriciamouth,330818-7400
613,"Renee Campbell",Shelter,"North Tiffanyfort",1993750653151
614,"Peggy Parker",Shelter,"South Waynefurt",643518-3066
615,"Rachel Carson",NGO,Robertside,001-910-852-2109575
616,"Christopher Wright",Shelter,"New Kellytown",+1-631-074-8622827
617,"Justin Lee",Individual,Shelleyburgh,199646530365771
618,"Samuel Mendez",Individual,Andersonland,064431-0381
619,"Taylor Estrada",NGO,Nguyenview,001-351-556-5960359
620,"Cassandra Foster",Individual,"West Danielview",283047-54219049
621,"David Jordan",Individual,Mendozabury,705816-8331096
622,"Gary Torres",Charity,Kimberlyview,816141-26138114
623,"Phillip Rogers",Individual,Keithstad,626554646612045
624,"Alvin Day Jr.",NGO,"East Heatherbury",7221278600
625,"Paul Lee",NGO,Stephenchester,+1-874-157-50243157
626,"Theresa Gonzalez",Charity,"Port David",0505686038358
627,"Beth Chavez",Shelter,"East Nicole",+1-249-991-10040285
628,"James Gardner",NGO,Morenoborough,4052113183136
629,"Andrea Hansen",NGO,"Lake Mary",40752556518151
630,"Sarah Ochoa",Charity,Vancebury,9182551669
631,"Diana Fisher",Shelter,"New Daryl",9743914500152
632,"Austin Smith",NGO,"North Marcusbury",219-381-883193973
633,"Jay Higgins",NGO,Perezhaven,8809908313
634,"Jessica Watkins",Charity,Robertton,36895940759286
635,"Lisa Marshall",Charity,Johnville,3754231187
636,"Devon Burton",Charity,Blakehaven,9071089325817
637,"Benjamin Soto",NGO,"West Garretthaven",8693958395
638,"Timothy Browning",Charity,Moralesfort,001-836-247-3024
639,"Jeffrey Vaughan",Charity,Cameronfurt,129-365-7408619
640,"Joseph Smith",NGO,Anthonystad,716-698-37667391
641,"Robert Jones",Shelter,"East Antoniobury",001-480-168-1124978
642,"Sarah Rose",NGO,"New Ryanmouth",247-388-08386557
643,"Mary Morrow",NGO,Melaniehaven,001-995-921-97207901
644,"Deanna Brown DDS",Individual,Fowlerburgh,695147-4833
645,"Steven Armstrong",NGO,Robertfurt,2161559564
646,"Maria Lee",Individual,"West Juanchester",433729-7840
647,"Christine Davis",Charity,Josephton,1443597605
648,"Heather Stewart",NGO,"South Lucasview",518-936-4091169
649,"Cory Schmidt MD",Individual,Johnsonville,001-915-535-6309779
650,"Nicholas Peterson",NGO,"West Troyview",001-528-783-15339196
651,"Rebecca Mcbride",Charity,"Port Timothymouth",159421-410043055
652,"Sandy Ward",Shelter,"North Michael",+1-532-646-04371719
653,"Jason Garcia",Shelter,"Port Mariemouth",229-688-461087983
654,"John Murray",Shelter,Fernandezberg,001-664-004-01175796
655,"Lauren Golden",NGO,Michealstad,509120-3093
656,"Christopher Clark",NGO,"Port Peggyshire",+1-020-961-4423
657,"Patricia Salas",Individual,"Port Maryshire",5695147193
658,"Frank Olson",Shelter,"South Anthonyside",001-996-747-56785051
659,"Elizabeth Stewart",NGO,Kempstad,659731-01827759
660,"James Hernandez II",Charity,Kenthaven,001-036-235-2960
661,"Robert White",Charity,Petersonmouth,9828389359
662,"Gabriel Harris",Individual,"Port Shannonhaven",853034-2142599
663,"Michael English",NGO,"Lake Daniel",6123203740
664,"Joseph Nelson",Individual,Phillipston,7800327079
665,"Felicia Collier",NGO,Toddstad,+1-113-202-4089101
666,"Meredith Hull",NGO,Markfurt,575-879-876833505
667,"Christine Beasley",Individual,Jensenland,667729-4034
668,"Maria Singh",NGO,Brandonhaven,+1-353-127-1876477
669,"Karen Cox",Charity,Davidland,791-759-905423904
670,"Amber Hobbs",NGO,Rogersfort,91486451278523
671,"Cindy Green PhD",NGO,Sharpfurt,6744184457
672,"Janice Thornton",Charity,Allenmouth,646735-91774671
673,"Shelly Castillo",Charity,Chenview,001-984-641-235915247
674,"Stephen Harris",Charity,"Port Seanshire",+1-163-880-7237908
675,"Robert Day",NGO,Goodmanfort,001-284-742-420215864
676,"John Williams",Charity,Brooksborough,057537-176152273
677,"Joshua Rush",Charity,"New Mark",602-694-4031226
678,"Joseph Johnson",NGO,"South Jasminechester",41220283526950
679,"Alexis Rodriguez",Shelter,"South Shirleymouth",748827-8108926
680,"James Lewis",NGO,Richardton,001-151-287-1850
681,"Becky Hernandez",Shelter,Jeanshire,001-950-510-9795700
682,"Paige Lewis",Shelter,Karenfort,150608-5231697
683,"Mark Williams",NGO,Taylorport,001-520-963-8410
684,"Kiara Martinez",Individual,Ellisborough,829-939-8804
685,"Angela Knight",Individual,"Port Joshua",491-330-2377936
686,"Spencer Roberts",Charity,"East Sheenahaven",074-920-102914932
687,"Danny Palmer",NGO,"North Erikhaven",+1-931-315-8378838
688,"Jeffrey Turner",Charity,"East Tiffanyview",001-321-160-309450214
689,"Michael Murphy",NGO,"Lake Sheilaland",+1-887-843-640264812
690,"Jeffrey Knight",Individual,Wardshire,207794-8313
691,"Brittany Williams",Individual,Christinehaven,078314817343041
692,"Christopher Stokes",Individual,Joshuahaven,001-305-048-793149531
693,"Carl Brewer",Individual,Nelsonbury,846-764-51577104
694,"Rachel Arnold",Shelter,"New James",001-087-674-132905614
695,"Janet Newton",Individual,"West Amandaport",930-590-8261
696,"Kellie Hart",Charity,Changview,+1-235-589-912633112
697,"Laura Leach",Charity,Davidtown,5465940771
698,"Dawn Rodriguez MD",Charity,"New Shauntown",+1-083-624-32933668
699,"Sabrina Johnson",Charity,"East Emily",001-552-124-3791
700,"Kimberly Duncan",Shelter,"West Monica",001-851-158-2436740
701,"Amber Arellano",NGO,"South Marymouth",+1-718-425-8787628
702,"Rebecca Chan",Charity,"West Brittany",279707-3052
703,"Mr. Jonathan Williams",Individual,Bruceburgh,606010-6061
704,"Jason Lowe",NGO,Sarahside,0631150253
705,"Christopher Sellers",Charity,"East Nathanstad",570957-6832
706,"Shannon Jensen",Shelter,"Lake Kevinport",001-378-570-1120234
707,"Jason Martin",Charity,"New Frederickfort",001-501-877-71204743
708,"Jacob Mendez",Individual,"South Jason",818358-6757
709,"Matthew Sanchez",Individual,"New Stephanie",1310834622013
710,"Eric Carrillo",Shelter,Nicholsonland,001-905-007-87931997
711,"Mark Carroll",Shelter,Lovestad,+1-762-369-5612249
712,"Laura Graham",NGO,Mercerport,0968045311455
713,"Robert Moses",Shelter,"Port Terry",629870-52999094
714,"Adam Phelps",Individual,"North Amanda",001-586-612-6376
715,"Tyler Christensen",Charity,"Lake Douglas",306-691-2501
716,"Angela Gregory",Individual,"Lake Tracytown",817856-6676112
717,"Jonathon Gregory",Individual,Shortfort,040-511-7461377
718,"Matthew Brown",Individual,"Port Amberfurt",785-336-0978
719,"Brian Oneill",NGO,"East Stephaniefort",423691-4227
720,"Jeremiah Terry",Individual,Nicoleberg,+1-095-501-3103762
721,"Ashley Ramirez",Charity,Heatherburgh,604-382-3103
722,"Deanna Owens",NGO,"South Mark",865410-9397
723,"Lisa Kim",Individual,"New Brandyhaven",+1-465-856-2095
724,"Randall Ford",Shelter,"East Tasha",072037-84210768
725,"Edward Lopez",NGO,"New Matthewton",683-591-7229
726,"Tammy Brown",Shelter,Victorton,+1-244-569-16213556
727,"Troy Jimenez",Shelter,"Port Marc",82924627567494
728,"Dustin Stark",Charity,Kimberlymouth,716950-457479791
729,"David Spence",Charity,"Port Curtisside",+1-843-006-1807
730,"Felicia Glover",Shelter,"East Michael",982-844-2370
731,"Jacob Scott",Charity,"South Jenniferburgh",001-857-216-8483
732,"Jessica Shields",Shelter,"South Richard",51909250182511
733,"David Fox",Individual,Longmouth,001-542-800-4782916
734,"Amanda Buchanan",NGO,Perryton,121-718-457161884
735,"Kyle Scott",Individual,Reedview,001-980-204-3107974
736,"Damon Schmidt",Charity,Cummingschester,001-695-722-368735864
737,"James Brown",Shelter,"Lake Catherine",152508-875491151
738,"Matthew Morgan",Charity,Robertton,535512-2781
739,"Nancy Jones",Shelter,"West Bradley",8064578047368
740,"Denise Lucas",Charity,"East Jamesmouth",00677584891702
741,"Amber Burnett",Charity,Garciashire,901-355-9555
742,"Matthew Webb",Charity,"West David",001-998-341-94450465
743,"Nicholas Tucker",Charity,"Port Samantha",290071-2070
744,"Matthew Deleon",Individual,Danielsview,0069409278989
745,"Jose Vance",NGO,"Lake Heatherberg",21662078372021
746,"Kenneth Barnes",NGO,"South Lindsay",868434-0244
747,"Vanessa Johnson",Shelter,Wilsonshire,151347-70795528
748,"Bridget Williams",Charity,"South Williamview",001-079-347-2416344
749,"Michael Craig",Individual,Moralesburgh,131-489-99508143
750,"Levi Lucas",Charity,"North Vanessamouth",095-763-5392058
751,"Travis Johnson",Shelter,"South Edward",785-640-1614
752,"Cassidy Alvarado",Individual,Leahchester,+1-825-364-4624
753,"Samantha Potter",Charity,Aguilarbury,+1-541-434-4196086
754,"Michael Ford",Individual,"New Sean",389-988-8452
755,"Eugene Beltran",Shelter,"South Samanthaburgh",001-696-616-2431933
756,"Emma Anderson",NGO,"Lake Michelle",001-369-347-5266
757,"Christopher Garcia",Charity,"North Danielchester",+1-837-555-56330883
758,"Jennifer Lucero",NGO,"South Theresaberg",386105-509135748
759,"Kathleen Watkins",Shelter,Hardyberg,435788-4119238
760,"Gina Blankenship",Shelter,Brittanyborough,001-318-721-719901418
761,"Douglas Roberts",Shelter,Deanstad,+1-988-077-7950039
762,"Donna Chang",NGO,"East Stevenborough",9564962501
763,"Karen Williamson",Shelter,Sandovalmouth,857-588-447278504
764,"Krista Williams",Shelter,Oliverberg,4814373776
765,"Joshua Hooper",Shelter,Buchananton,+1-013-463-143005130
766,"John Reynolds",Shelter,Grahambury,001-062-085-94026875
767,"Jordan Hart",Shelter,"East Julietown",+1-161-753-6365946
768,"Mary Wilson",Charity,"Lake Kimberlyton",484-336-385853588
769,"John Warner",Shelter,Cookhaven,+1-003-320-5395
770,"Jacob Gibbs",Charity,"New Jesus",806265-1675
771,"Emily Gallagher",Individual,Wagnerburgh,4916631678
772,"Cassandra Yoder",Charity,Danielfurt,+1-928-766-0621673
773,"Hunter Richards",NGO,"West Victoriaberg",001-581-778-1214
774,"Tracy Bass",NGO,"South Jessicaburgh",461-258-4749956
775,"Thomas Nelson",Charity,Donnamouth,+1-227-601-8962271
776,"James Thompson",Shelter,Ronaldmouth,121732-7913396
777,"Julie Dickerson",Shelter,Diazbury,3831382733067
778,"Kristie Townsend",Shelter,Melissaberg,167438-958245761
779,"James Turner",NGO,"North Mallorystad",+1-700-709-7978681
780,"Jacqueline Johnson",Shelter,Jeffreyland,+1-208-657-142344884
781,"Jason Taylor",NGO,Reginaburgh,150-638-03549178
782,"Timothy Burns",Charity,"East Janetstad",262555-7560
783,"Monica Phillips",Charity,"New Phillipfurt",188-588-9838
784,"Jill Harris",Shelter,Josephfurt,039-813-718811427
785,"Melissa Lee",Charity,Brownport,833194-0479719
786,"Robert Kim",Shelter,"Port Gabrielleborough",513-156-799853487
787,"Rachel Rios",NGO,Sarahaven,319-104-8885
788,"Beth Phillips",NGO,Zacharyview,293383-22798386
789,"Laura Robertson",NGO,Hansonfurt,616-851-653367759
790,"Stephanie Smith",Charity,"West Carrieport",001-028-411-595438730
791,"David Kennedy",Charity,"Port Caleb",001-061-612-971540982
792,"Tamara Frey",Shelter,Deanfort,976168-5693615
793,"Renee Anderson",Charity,Princehaven,0401324956
794,"Lee Nunez",Individual,Andersonfort,4688571870688
795,"Caitlin Cobb",Charity,"North Andresport",+1-968-871-4930
796,"Lisa Carroll",NGO,"South Jamesfort",+1-223-842-8919643
797,"Robert Becker",Charity,Danielland,0607560612
798,"James Estrada",Individual,Westport,001-020-450-85425607
799,"Adam Moore",Charity,"East Josephview",+1-119-080-326081212
800,"Anthony Garcia",Individual,Brownbury,+1-845-541-9687513
801,"Samantha Simpson",Shelter,"West Meganmouth",001-030-832-3866065
802,"Lisa Cruz",Charity,Stevenmouth,372091-774836631
803,"Joseph Stafford",Shelter,"Lake Lindseystad",8127825617
804,"Elizabeth Cochran",NGO,Theresabury,7711350025
805,"Sharon Martin",Individual,"South Michelleport",88588920088858
806,"James Miller",NGO,Lisabury,+1-499-819-68686637
807,"Taylor Miller",NGO,Josephside,+1-022-270-5486316
808,"Pamela Finley",Individual,Harrisfurt,001-160-542-538055508
809,"Karen Cain",Individual,"East Daisybury",506-960-41850865
810,"Cody Meyer",NGO,Westshire,415147209547370
811,"Scott Schroeder",Shelter,Markfurt,001-229-042-2531276
812,"Sabrina Klein MD",Individual,Shawhaven,071615455580217
813,"Amber Hale",Individual,Comptonside,001-750-235-2728
814,"Michael Petersen",NGO,Maryside,+1-454-301-193297038
815,"James Miller",NGO,"North Dawn",001-359-139-728411773
816,"Jeremiah Hampton",Charity,"South Sheryl",837048-4121
817,"Victoria Torres",Charity,Martinchester,+1-624-780-94457755
818,"Danielle Hayes",NGO,Andreaberg,1310927379
819,"Christina Lambert",Shelter,Delgadofort,63751691435014
820,"Patrick Velasquez",Individual,"West Jacob",606-166-7246746
821,"Jeffrey Wilson",Charity,Davisport,001-245-390-7219847
822,"Aaron Malone",Shelter,"East Mark",+1-803-136-69786095
823,"James Rose",Shelter,"East Amandaberg",658-204-7743
824,"Madison Myers",Shelter,Cruzland,123500-83338386
825,"Charles Morris",Charity,"New Olivia",006107-482544414
826,"Mr. Steven Reeves MD",Individual,"West Jacquelinefort",+1-263-739-46081451
827,"John Simmons",NGO,"North Tanner",797-388-6145650
828,"Jason Mcpherson",Shelter,Michaelside,4036934197409
829,"Mr. Brian Fox",Charity,Scottbury,301316-4760229
830,"Jeffrey Cooper",Shelter,"Lake Christian",001-877-245-5095
831,"Samantha Ellison",Individual,"New Kimberly",52243772929078
832,"Kylie Young",Shelter,Ginaview,9131186244
833,"Kelly Pierce",Shelter,"West Josephland",3704671150479
834,"Renee Flynn",Individual,"South Mark",0935018423
835,"Jennifer Wright",Shelter,Lauratown,257556-326176228
836,"Scott Craig",Shelter,"South Lisa",1183826136
837,"Michelle Reed",Shelter,"West John",1072168815
838,"Jessica Stephens",Charity,"West Michaelton",358-977-8320
839,"Michael Cox",NGO,"North Kelly",001-953-739-5146845
840,"Mary Anderson",Shelter,"South Mirandamouth",+1-148-126-013315456
841,"Brian Reed",NGO,Amandaburgh,64056494981956
842,"Robert Stewart",Shelter,"New Laura",873-501-62444712
843,"Glenn Anthony",Charity,Halltown,502-960-7549
844,"Andrew Gray",Individual,"Lake Dustin",448005-71922140
845,"Adam Horton",NGO,Ramosberg,364-423-0076300
846,"Charles Aguilar",NGO,Johnsonchester,+1-148-261-910710033
847,"Wesley Myers",Shelter,Meganburgh,285991-75320243
848,"Terrence Wagner",Individual,Taraside,001-832-246-7583
849,"Kyle Johnson",Shelter,Ellisshire,001-887-766-6073
850,"Kristopher Mendoza",Individual,Bradfurt,678116-633954475
851,"Christina Brown",NGO,Wyattton,983034-7865
852,"Jo Martinez",Charity,"Port Williamtown",+1-264-342-60126505
853,"Tanya Lowe",Charity,Crawfordchester,677596-9794
854,"Christopher Diaz",Individual,Lorifurt,001-442-106-2480735
855,"Robert Abbott",NGO,Collierburgh,+1-114-532-8181037
856,"Amanda Brown",Individual,"New Larryshire",1763305060
857,"Jennifer Taylor",Individual,"Lake Kaylamouth",001-024-241-1359
858,"Ashley Harris",Individual,"Lake Stephenchester",001-680-582-460774285
859,"Dana Williams",Charity,Cookstad,5259995693
860,"James Knight",Charity,Kirkfort,+1-001-504-4343556
861,"Ashley Clark",NGO,Poolebury,5186226804900
862,"Justin Martinez",Individual,"New Erikamouth",697-357-712204253
863,"Jessica Camacho",Individual,Billyland,190674-9988688
864,"Justin Anderson",NGO,"South Craigborough",+1-967-629-8865504
865,"Katherine Houston",Individual,"Lake Joshuabury",935420-01969064
866,"Jose Cooper",Shelter,Pooleside,083601-2157
867,"Tara Williams",Individual,"New Dakotahaven",7246108348
868,"Kayla Erickson",Shelter,"West Lindseyside",21375269670263
869,"David Mendoza",Charity,"North Shawnastad",001-517-864-9061969
870,"Joshua Mendoza",Charity,"North Amy",842876-7043953
871,"Veronica Adams",Individual,Natalieside,3857123680
872,"Lori Peters",Individual,Annaborough,2706526057691
873,"Darius Reid",Charity,"Port Philipmouth",306939-5162
874,"Danny Brown",Individual,"East Shirley",829371228079605
875,"Scott Smith",Individual,"New Donnahaven",001-376-965-5711
876,"Jeremy Robinson",NGO,Jamesview,001-097-198-32297777
877,"Jeffrey Stafford",Shelter,"North Nicholasborough",45446024687969
878,"Cory Johnson",NGO,"Port Robertmouth",944311-5766
879,"Bridget Hill",Charity,"South Emily",868-465-23316437
880,"Kristen Foster",Shelter,"North Ricardo",7492528592
881,"Alan Riley",NGO,Tylermouth,+1-191-620-2120274
882,"Steven Shaffer",Shelter,Rodneyport,799793-9460
883,"Aaron Rios",NGO,"New Jeffreyhaven",543-629-485981093
884,"Mary Evans",Shelter,"North Josephmouth",248-457-5683
885,"James Hardin",Individual,"East Robert",7160356813982
886,"Amber Cruz",Shelter,Allenborough,+1-077-073-1734206
887,"Jean Woods",Shelter,Fernandezchester,+1-688-546-83048077
888,"Matthew Davis",Charity,Birdview,1367475533
889,"Holly Aguilar",NGO,"West Sara",7995062068
890,"Joseph Whitaker",NGO,Jamesborough,001-059-271-8576
891,"Thomas Myers",Shelter,"North Haleyhaven",579-856-5722
892,"Brian Hardy",NGO,"Lake Williamhaven",062642-754267155
893,"Carrie Hess",Charity,Jarvisshire,+1-828-067-9673188
894,"Tammy Fletcher",Charity,"New Adrian",219-550-2711
895,"Ms. Deborah Campos",Individual,"West Barry",001-579-948-5058
896,"Jennifer Smith",Shelter,Josephton,179-728-0744
897,"Shelby Rice",Shelter,"New Loriberg",+1-213-470-21127474
898,"Emily Ramos",Shelter,"East Michaelview",033-795-7197362
899,"Rachel Pena",NGO,Grossport,523668-5935836
900,"Hannah Reynolds",Charity,"East Kevinberg",731-040-533077836
901,"Donald Caldwell",Shelter,Dawsonberg,001-191-071-22176177
902,"Michelle Riley",NGO,"New Juliaton",001-012-497-94668873
903,"Cindy Robinson DDS",Shelter,Franklinview,4186239588
904,"Amanda Kline",Shelter,"East Travis",001-265-376-3204275
905,"Ann Odonnell",Charity,"East Michael",926345-766029567
906,"Christopher Gonzalez",Shelter,Payneland,+1-510-241-2999765
907,"Jamie Jenkins",NGO,"New Melanie",001-676-903-9528783
908,"Abigail Crawford",NGO,"Lake Shawn",010152-8668
909,"Matthew Cordova",NGO,Rubioborough,001-905-589-894409730
910,"Tina Donaldson",Shelter,"Lake Brandibury",736-446-4714
911,"Devon Martinez",Individual,Jessicaland,861258-2469860
912,"Katelyn Proctor",Charity,Williamsborough,001-949-271-74618101
913,"Jeffrey Jones",NGO,Kennethmouth,2972292136
914,"Jeffrey Walker",Individual,Woodardview,0284721603
915,"Deborah Garza",Shelter,"South Alanville",695-589-2656
916,"Lindsey Mathis",Shelter,Ianland,8165585061
917,"Michael Townsend",Shelter,"East Kevin",034803850233851
918,"Katrina Cruz",Charity,Jenkinsfurt,709-191-561688772
919,"Sarah Brown",Shelter,"North Christina",001-119-880-73679899
920,"Gregory Rodriguez",Charity,"West Davidview",6716671616
921,"Kelly Walls",Individual,"Lake Victoriaton",857-517-5280
922,"Savannah Holland",Individual,Kelleystad,4876887575
923,"Victor Diaz",Shelter,Darinview,5619230470922
924,"Sarah Roberts",Shelter,"North Janetland",001-513-459-31889757
925,"Cassidy Davis",Individual,"West Donaldmouth",001-815-359-4471
926,"Kimberly Ware",Individual,"East Sheriton",001-078-266-0266
927,"Mary Escobar",Individual,Gloriaview,663863-68469153
928,"Barbara Richards",Charity,Carlostown,524-811-936551761
929,"Donna Terry",Charity,Mathistown,104858-7570
930,"Joseph Smith",Shelter,Dunnbury,9099131799
931,"Rhonda Lewis",Individual,"South Michael",001-068-151-125426821
932,"Justin Stevens",Charity,"South Mary",001-756-051-13719827
933,"Jodi Lee",NGO,"West Paulfort",3517962649
934,"Dr. Wendy Terrell",Charity,Erikashire,566-236-8791
935,"John Harris",NGO,Riverafort,+1-827-545-02945697
936,"Jacob Horton",NGO,"Port Douglasland",+1-286-744-528304031
937,"Mark Ward",NGO,"Port Jonathanton",0384311430
938,"Matthew Thornton",NGO,Hayesfort,1084069823
939,"Chad Vaughn",Charity,"Lake Brandonborough",565199-297736531
940,"Lynn Lucas",Charity,Elizabethberg,689-129-0146
941,"Jessica Boyd",NGO,"South Heather",001-758-410-5626844
942,"Earl Hess",Charity,Rodneyborough,009175-1556
943,"Rebecca Lucas",Charity,"New Jessicabury",72144638733399
944,"Sharon Wood",Charity,"New Melindashire",5282176863
945,"Alex Leon",Individual,Caitlynhaven,667114-063055873
946,"Taylor Mann",Charity,"North Lawrence",001-766-748-2534468
947,"Debra Webster",Charity,"East Debramouth",930291-905313757
948,"Thomas Castaneda",NGO,"West Ashleymouth",18250447294296
949,"Allison Pennington",Individual,"North Lydiaberg",+1-586-713-6798
950,"Caitlin Bennett",NGO,Delacruzborough,351050-31329588
951,"Brittany Mcclain",Individual,Robertville,811036-20937533
952,"Sarah Morgan",Charity,Gilbertfurt,+1-630-809-8000
953,"Tina Anderson",Charity,"Port Jonathanhaven",102-168-5649
954,"Mark Russell",NGO,Nathanstad,381175-3680
955,"Christopher Wong",Charity,Jacquelineshire,745135-7397
956,"Jacqueline Fernandez",Charity,Kennethside,+1-573-412-85228213
957,"Angela Hall",Charity,Greenville,2576243615
958,"Scott Brown",Individual,Oneillland,001-879-448-75717987
959,"Samantha Gomez",Charity,Suzanneton,001-955-495-853409912
960,"Jason Hughes",Shelter,Myerstown,851-627-039500955
961,"Tyler Gray",NGO,"West Dustinberg",374850-8848
962,"Donald Anderson",Shelter,"North Stephanieborough",+1-224-951-1888539
963,"Victor Ward",NGO,Johnhaven,628-048-20263385
964,"Donald Moore",Individual,Davisfort,001-742-164-87689906
965,"Ashley Silva",NGO,"Port Thomas",553048-31238350
966,"Sheila Lang",NGO,"Lake Larryborough",001-585-286-2289
967,"Samantha Sherman",Individual,"Port Cindyberg",659277-674837772
968,"Mr. Joseph Herring",Individual,Mariefurt,8390442094
969,"Leon Foster",NGO,Bennettton,198-936-9076
970,"Brandon Rice",Shelter,"South Benjamin",+1-563-122-2255
971,"Teresa Estrada",Individual,Mayburgh,320-778-4104
972,"Patricia Joseph",Individual,Lauraport,611-927-669643169
973,"Brian Johnson",NGO,Patrickfort,001-751-479-55019929
974,"Mark Miller",NGO,"North Joshua",0113611154694
975,"Danielle Bullock",Individual,Amandafurt,888253-94762056
976,"Tammy Patrick",Individual,Clarkton,001-671-552-9014817
977,"Pamela Scott",Charity,"South Paul",310-642-0442
978,"Adam Evans",Individual,"Lake Sonya",484-398-006744415
979,"Rebecca Wright",Charity,Teresastad,+1-707-387-4410419
980,"Elizabeth Fisher",Shelter,Carrborough,298908-37769550
981,"Dawn Jennings",Shelter,"Port Cody",085-759-65125392
982,"Thomas Villanueva",NGO,Gutierrezmouth,001-338-603-9644
983,"Joanna Black",NGO,"North Jacobhaven",7819505825
984,"Steve Kirby",Charity,Travishaven,815195871159256
985,"Thomas Sanchez",NGO,Rodneyfurt,2315921072512
986,"Rita Kane",Shelter,"South Jamie",+1-347-306-2056
987,"Becky Smith",Shelter,"East Renee",7907087489
988,"Kristi Rodriguez",Charity,Nielsenberg,349864540908379
989,"Timothy Bradshaw",Individual,"North Laura",451-260-5312
990,"Patricia Hardy",Shelter,Thomasport,076687353203467
991,"Lindsey Wagner",Shelter,Jessicaburgh,401052-7584
992,"James Curry",Individual,"Port Johnside",223043-8999392
993,"Alexis Hayes",Shelter,Matthewmouth,543-812-05346473
994,"Angelica Simmons",NGO,"Port Kellifort",902942-8232
995,"Brittany Taylor",Individual,Andrewsport,296-568-71064981
996,"Matthew Curtis",Shelter,Lanechester,127-889-44421289
997,"Amanda Cain",NGO,"New Steven",+1-001-491-56015316
998,"Theodore Briggs",Individual,"South Sandra",930-609-94425031
999,"Cheyenne Ramsey",NGO,"Lake Jeffery",001-326-320-481615300
1000,"April Miller",Shelter,Shelbychester,894-873-265223999
